0,1,2,3,4,5,6,7,8,9,10,11
에어부산,15:35ICN,17:30KIX,"직항, 01시간 55분",15:25KIX,17:40ICN,"직항, 02시간 15분",성인/모든 결제수단,"왕복 353,700원~",,,
진에어,15:00ICN,16:40KIX,"직항, 01시간 40분",11:05KIX,13:10ICN,"직항, 02시간 05분",성인/모든 결제수단,"왕복 356,700원~",,,
티웨이항공,14:40ICN,16:30KIX,"직항, 01시간 50분",피치항공,07:40KIX,09:45ICN,"직항, 02시간 05분",성인/모든 결제수단,"왕복 361,813원~",,
티웨이항공,14:40ICN,16:30KIX,"직항, 01시간 50분",10:55KIX,12:55ICN,"직항, 02시간 00분",성인/모든 결제수단,"왕복 364,900원~",,,
진에어,14:05ICN,16:00KIX,"직항, 01시간 55분",11:05KIX,13:10ICN,"직항, 02시간 05분",성인/모든 결제수단,"왕복 365,700원~",,,
피치항공,15:25ICN,17:10KIX,"직항, 01시간 45분",에어서울,09:55KIX,11:55ICN,"직항, 02시간 00분",성인/모든 결제수단,"왕복 366,346원~",,
진에어,15:00ICN,16:40KIX,"직항, 01시간 40분",에어서울,09:55KIX,11:55ICN,"직항, 02시간 00분",성인/모든 결제수단,"왕복 366,500원~",,
티웨이항공,14:40ICN,16:30KIX,"직항, 01시간 50분",에어서울,09:55KIX,11:55ICN,"직항, 02시간 00분",성인/모든 결제수단,"왕복 366,600원~",,
에어서울,15:20ICN,17:00KIX,"직항, 01시간 40분",09:55KIX,11:55ICN,"직항, 02시간 00분",성인/모든 결제수단,"왕복 368,800원~",,,
한에어제주항공 공동운항,16:55ICN,18:40KIX,"직항, 01시간 45분",피치항공,07:40KIX,09:45ICN,"직항, 02시간 05분",성인/모든 결제수단,"왕복 369,965원~",,
제주항공,16:55ICN,18:40KIX,"직항, 01시간 45분",에어서울,09:55KIX,11:55ICN,"직항, 02시간 00분",성인/모든 결제수단,"왕복 370,700원~",,
피치항공,15:25ICN,17:10KIX,"직항, 01시간 45분",07:40KIX,09:45ICN,"직항, 02시간 05분",성인/모든 결제수단,"왕복 371,697원~",,,
진에어,15:00ICN,16:40KIX,"직항, 01시간 40분",12:00KIX,14:00ICN,"직항, 02시간 00분",성인/모든 결제수단,"왕복 374,700원~",,,
티웨이항공,07:55ICN,09:45KIX,"직항, 01시간 50분",10:55KIX,12:55ICN,"직항, 02시간 00분",성인/모든 결제수단,"왕복 380,800원~",,,
티웨이항공,12:10ICN,14:00KIX,"직항, 01시간 50분",10:55KIX,12:55ICN,"직항, 02시간 00분",성인/모든 결제수단,"왕복 380,800원~",,,
티웨이항공,14:40ICN,16:30KIX,"직항, 01시간 50분",이스타항공,11:50KIX,13:50ICN,"직항, 02시간 00분",성인/모든 결제수단,"왕복 381,400원~",,
티웨이항공,14:40ICN,16:30KIX,"직항, 01시간 50분",피치항공,19:40KIX,21:45ICN,"직항, 02시간 05분",성인/모든 결제수단,"왕복 382,221원~",,
티웨이항공,14:40ICN,16:30KIX,"직항, 01시간 50분",피치항공,18:00KIX,20:05ICN,"직항, 02시간 05분",성인/모든 결제수단,"왕복 382,221원~",,
에어부산,15:35ICN,17:30KIX,"직항, 01시간 55분",18:30KIX,20:35ICN,"직항, 02시간 05분",성인/모든 결제수단,"왕복 382,300원~",,,
티웨이항공,07:55ICN,09:45KIX,"직항, 01시간 50분",피치항공,07:40KIX,09:45ICN,"직항, 02시간 05분",성인/모든 결제수단,"왕복 382,999원~",,
티웨이항공,12:10ICN,14:00KIX,"직항, 01시간 50분",피치항공,07:40KIX,09:45ICN,"직항, 02시간 05분",성인/모든 결제수단,"왕복 382,999원~",,
피치항공,07:30ICN,09:15KIX,"직항, 01시간 45분",에어서울,09:55KIX,11:55ICN,"직항, 02시간 00분",성인/모든 결제수단,"왕복 383,346원~",,
피치항공,10:35ICN,12:20KIX,"직항, 01시간 45분",에어서울,09:55KIX,11:55ICN,"직항, 02시간 00분",성인/모든 결제수단,"왕복 383,346원~",,
진에어,14:05ICN,16:00KIX,"직항, 01시간 55분",12:00KIX,14:00ICN,"직항, 02시간 00분",성인/모든 결제수단,"왕복 383,700원~",,,
티웨이항공,07:55ICN,09:45KIX,"직항, 01시간 50분",에어서울,09:55KIX,11:55ICN,"직항, 02시간 00분",성인/모든 결제수단,"왕복 384,200원~",,
티웨이항공,12:10ICN,14:00KIX,"직항, 01시간 50분",에어서울,09:55KIX,11:55ICN,"직항, 02시간 00분",성인/모든 결제수단,"왕복 384,200원~",,
이스타항공,15:05ICN,17:00KIX,"직항, 01시간 55분",에어서울,09:55KIX,11:55ICN,"직항, 02시간 00분",성인/모든 결제수단,"왕복 386,200원~",,
티웨이항공,14:40ICN,16:30KIX,"직항, 01시간 50분",제주항공,09:50KIX,11:50ICN,"직항, 02시간 00분",성인/모든 결제수단,"왕복 386,500원~",,
에어서울,13:10ICN,15:00KIX,"직항, 01시간 50분",09:55KIX,11:55ICN,"직항, 02시간 00분",성인/모든 결제수단,"왕복 387,400원~",,,
한에어제주항공 공동운항,16:55ICN,18:40KIX,"직항, 01시간 45분",에어서울,09:55KIX,11:55ICN,"직항, 02시간 00분",성인/모든 결제수단,"왕복 388,074원~",,
피치항공,07:30ICN,09:15KIX,"직항, 01시간 45분",07:40KIX,09:45ICN,"직항, 02시간 05분",성인/모든 결제수단,"왕복 388,388원~",,,
피치항공,10:35ICN,12:20KIX,"직항, 01시간 45분",07:40KIX,09:45ICN,"직항, 02시간 05분",성인/모든 결제수단,"왕복 388,388원~",,,
티웨이항공,14:40ICN,16:30KIX,"직항, 01시간 50분",15:30KIX,17:35ICN,"직항, 02시간 05분",성인/모든 결제수단,"왕복 388,700원~",,,
피치항공,15:25ICN,17:10KIX,"직항, 01시간 45분",진에어,11:05KIX,13:10ICN,"직항, 02시간 05분",성인/모든 결제수단,"왕복 388,725원~",,
진에어,14:05ICN,16:00KIX,"직항, 01시간 55분",에어서울,09:55KIX,11:55ICN,"직항, 02시간 00분",성인/모든 결제수단,"왕복 388,886원~",,
진에어,15:00ICN,16:40KIX,"직항, 01시간 40분",이스타항공,11:50KIX,13:50ICN,"직항, 02시간 00분",성인/모든 결제수단,"왕복 389,600원~",,
한에어제주항공 공동운항,16:55ICN,18:40KIX,"직항, 01시간 45분",피치항공,19:40KIX,21:45ICN,"직항, 02시간 05분",성인/모든 결제수단,"왕복 390,064원~",,
한에어제주항공 공동운항,16:55ICN,18:40KIX,"직항, 01시간 45분",피치항공,12:30KIX,14:35ICN,"직항, 02시간 05분",성인/모든 결제수단,"왕복 390,064원~",,
진에어,15:00ICN,16:40KIX,"직항, 01시간 40분",티웨이항공,10:55KIX,12:55ICN,"직항, 02시간 00분",성인/모든 결제수단,"왕복 391,500원~",,
에어부산,09:45ICN,11:30KIX,"직항, 01시간 45분",15:25KIX,17:40ICN,"직항, 02시간 15분",성인/모든 결제수단,"왕복 391,900원~",,,
에어부산,12:35ICN,14:25KIX,"직항, 01시간 50분",15:25KIX,17:40ICN,"직항, 02시간 15분",성인/모든 결제수단,"왕복 391,900원~",,,
진에어,15:00ICN,16:40KIX,"직항, 01시간 40분",18:00KIX,19:55ICN,"직항, 01시간 55분",성인/모든 결제수단,"왕복 392,700원~",,,
제주항공,16:55ICN,18:40KIX,"직항, 01시간 45분",이스타항공,11:50KIX,13:50ICN,"직항, 02시간 00분",성인/모든 결제수단,"왕복 393,800원~",,
에어서울,15:20ICN,17:00KIX,"직항, 01시간 40분",이스타항공,11:50KIX,13:50ICN,"직항, 02시간 00분",성인/모든 결제수단,"왕복 394,100원~",,
진에어,15:00ICN,16:40KIX,"직항, 01시간 40분",제주항공,09:50KIX,11:50ICN,"직항, 02시간 00분",성인/모든 결제수단,"왕복 394,700원~",,
제주항공,16:55ICN,18:40KIX,"직항, 01시간 45분",티웨이항공,10:55KIX,12:55ICN,"직항, 02시간 00분",성인/모든 결제수단,"왕복 396,040원~",,
에어서울,07:15ICN,09:05KIX,"직항, 01시간 50분",09:55KIX,11:55ICN,"직항, 02시간 00분",성인/모든 결제수단,"왕복 396,700원~",,,
에어부산,15:35ICN,17:30KIX,"직항, 01시간 55분",에어서울,09:55KIX,11:55ICN,"직항, 02시간 00분",성인/모든 결제수단,"왕복 396,900원~",,
진에어,08:00ICN,09:45KIX,"직항, 01시간 45분",11:05KIX,13:10ICN,"직항, 02시간 05분",성인/모든 결제수단,"왕복 397,200원~",,,
티웨이항공,07:55ICN,09:45KIX,"직항, 01시간 50분",이스타항공,11:50KIX,13:50ICN,"직항, 02시간 00분",성인/모든 결제수단,"왕복 397,300원~",,
티웨이항공,12:10ICN,14:00KIX,"직항, 01시간 50분",이스타항공,11:50KIX,13:50ICN,"직항, 02시간 00분",성인/모든 결제수단,"왕복 397,300원~",,
에어서울,15:20ICN,17:00KIX,"직항, 01시간 40분",티웨이항공,10:55KIX,12:55ICN,"직항, 02시간 00분",성인/모든 결제수단,"왕복 397,700원~",,
티웨이항공,14:40ICN,16:30KIX,"직항, 01시간 50분",이스타항공,18:00KIX,19:50ICN,"직항, 01시간 50분",성인/모든 결제수단,"왕복 398,300원~",,
티웨이항공,14:40ICN,16:30KIX,"직항, 01시간 50분",제주항공,11:50KIX,13:50ICN,"직항, 02시간 00분",성인/모든 결제수단,"왕복 398,800원~",,
제주항공,16:55ICN,18:40KIX,"직항, 01시간 45분",09:50KIX,11:50ICN,"직항, 02시간 00분",성인/모든 결제수단,"왕복 398,900원~",,,
에어서울,15:20ICN,17:00KIX,"직항, 01시간 40분",제주항공,09:50KIX,11:50ICN,"직항, 02시간 00분",성인/모든 결제수단,"왕복 399,200원~",,
피치항공,21:00ICN,22:45KIX,"직항, 01시간 45분",에어서울,09:55KIX,11:55ICN,"직항, 02시간 00분",성인/모든 결제수단,"왕복 400,037원~",,
제주항공,07:00ICN,09:00KIX,"직항, 02시간 00분",에어서울,09:55KIX,11:55ICN,"직항, 02시간 00분",성인/모든 결제수단,"왕복 400,600원~",,
진에어,14:05ICN,16:00KIX,"직항, 01시간 55분",티웨이항공,10:55KIX,12:55ICN,"직항, 02시간 00분",성인/모든 결제수단,"왕복 401,900원~",,
진에어,14:05ICN,16:00KIX,"직항, 01시간 55분",18:00KIX,19:55ICN,"직항, 01시간 55분",성인/모든 결제수단,"왕복 402,200원~",,,
티웨이항공,07:55ICN,09:45KIX,"직항, 01시간 50분",제주항공,09:50KIX,11:50ICN,"직항, 02시간 00분",성인/모든 결제수단,"왕복 402,400원~",,
티웨이항공,12:10ICN,14:00KIX,"직항, 01시간 50분",제주항공,09:50KIX,11:50ICN,"직항, 02시간 00분",성인/모든 결제수단,"왕복 402,400원~",,
티웨이항공,07:55ICN,09:45KIX,"직항, 01시간 50분",피치항공,12:30KIX,14:35ICN,"직항, 02시간 05분",성인/모든 결제수단,"왕복 403,098원~",,
티웨이항공,12:10ICN,14:00KIX,"직항, 01시간 50분",피치항공,18:00KIX,20:05ICN,"직항, 02시간 05분",성인/모든 결제수단,"왕복 403,098원~",,
티웨이항공,07:55ICN,09:45KIX,"직항, 01시간 50분",15:30KIX,17:35ICN,"직항, 02시간 05분",성인/모든 결제수단,"왕복 404,700원~",,,
피치항공,21:00ICN,22:45KIX,"직항, 01시간 45분",07:40KIX,09:45ICN,"직항, 02시간 05분",성인/모든 결제수단,"왕복 405,388원~",,,
피치항공,07:30ICN,09:15KIX,"직항, 01시간 45분",진에어,11:05KIX,13:10ICN,"직항, 02시간 05분",성인/모든 결제수단,"왕복 405,725원~",,
피치항공,10:35ICN,12:20KIX,"직항, 01시간 45분",진에어,11:05KIX,13:10ICN,"직항, 02시간 05분",성인/모든 결제수단,"왕복 405,725원~",,
진에어,15:00ICN,16:40KIX,"직항, 01시간 40분",이스타항공,18:00KIX,19:50ICN,"직항, 01시간 50분",성인/모든 결제수단,"왕복 406,500원~",,
제주항공,16:55ICN,18:40KIX,"직항, 01시간 45분",진에어,11:05KIX,13:10ICN,"직항, 02시간 05분",성인/모든 결제수단,"왕복 407,999원~",,
이스타항공,15:05ICN,17:00KIX,"직항, 01시간 55분",11:50KIX,13:50ICN,"직항, 02시간 00분",성인/모든 결제수단,"왕복 409,000원~",,,
제주항공,09:10ICN,11:00KIX,"직항, 01시간 50분",에어서울,09:55KIX,11:55ICN,"직항, 02시간 00분",성인/모든 결제수단,"왕복 409,400원~",,
티웨이항공,14:40ICN,16:30KIX,"직항, 01시간 50분",진에어,11:05KIX,13:10ICN,"직항, 02시간 05분",성인/모든 결제수단,"왕복 409,900원~",,
제주항공,16:55ICN,18:40KIX,"직항, 01시간 45분",이스타항공,18:00KIX,19:50ICN,"직항, 01시간 50분",성인/모든 결제수단,"왕복 410,700원~",,
이스타항공,15:05ICN,17:00KIX,"직항, 01시간 55분",티웨이항공,10:55KIX,12:55ICN,"직항, 02시간 00분",성인/모든 결제수단,"왕복 410,900원~",,
에어부산,15:35ICN,17:30KIX,"직항, 01시간 55분",12:25KIX,14:25ICN,"직항, 02시간 00분",성인/모든 결제수단,"왕복 411,000원~",,,
에어서울,15:20ICN,17:00KIX,"직항, 01시간 40분",이스타항공,18:00KIX,19:50ICN,"직항, 01시간 50분",성인/모든 결제수단,"왕복 411,000원~",,
진에어,08:55ICN,10:50KIX,"직항, 01시간 55분",11:05KIX,13:10ICN,"직항, 02시간 05분",성인/모든 결제수단,"왕복 411,100원~",,,
진에어,15:00ICN,16:40KIX,"직항, 01시간 40분",17:00KIX,19:10ICN,"직항, 02시간 10분",성인/모든 결제수단,"왕복 411,500원~",,,
진에어,08:00ICN,09:45KIX,"직항, 01시간 45분",에어서울,09:55KIX,11:55ICN,"직항, 02시간 00분",성인/모든 결제수단,"왕복 412,700원~",,
진에어,15:00ICN,16:40KIX,"직항, 01시간 40분",제주항공,11:50KIX,13:50ICN,"직항, 02시간 00분",성인/모든 결제수단,"왕복 412,800원~",,
피치항공,10:35ICN,12:20KIX,"직항, 01시간 45분",19:40KIX,21:45ICN,"직항, 02시간 05분",성인/모든 결제수단,"왕복 413,388원~",,,
피치항공,10:35ICN,12:20KIX,"직항, 01시간 45분",12:30KIX,14:35ICN,"직항, 02시간 05분",성인/모든 결제수단,"왕복 413,388원~",,,
에어서울,13:10ICN,15:00KIX,"직항, 01시간 50분",이스타항공,11:50KIX,13:50ICN,"직항, 02시간 00분",성인/모든 결제수단,"왕복 413,600원~",,
이스타항공,15:05ICN,17:00KIX,"직항, 01시간 55분",제주항공,09:50KIX,11:50ICN,"직항, 02시간 00분",성인/모든 결제수단,"왕복 414,100원~",,
티웨이항공,07:55ICN,09:45KIX,"직항, 01시간 50분",이스타항공,18:00KIX,19:50ICN,"직항, 01시간 50분",성인/모든 결제수단,"왕복 414,200원~",,
티웨이항공,12:10ICN,14:00KIX,"직항, 01시간 50분",이스타항공,18:00KIX,19:50ICN,"직항, 01시간 50분",성인/모든 결제수단,"왕복 414,200원~",,
제주항공,16:55ICN,18:40KIX,"직항, 01시간 45분",11:50KIX,13:50ICN,"직항, 02시간 00분",성인/모든 결제수단,"왕복 414,600원~",,,
진에어,15:00ICN,16:40KIX,"직항, 01시간 40분",티웨이항공,15:30KIX,17:35ICN,"직항, 02시간 05분",성인/모든 결제수단,"왕복 416,100원~",,
티웨이항공,07:55ICN,09:45KIX,"직항, 01시간 50분",제주항공,11:50KIX,13:50ICN,"직항, 02시간 00분",성인/모든 결제수단,"왕복 416,200원~",,
티웨이항공,12:10ICN,14:00KIX,"직항, 01시간 50분",제주항공,11:50KIX,13:50ICN,"직항, 02시간 00분",성인/모든 결제수단,"왕복 416,200원~",,
진에어,08:00ICN,09:45KIX,"직항, 01시간 45분",12:00KIX,14:00ICN,"직항, 02시간 00분",성인/모든 결제수단,"왕복 416,200원~",,,
에어서울,13:10ICN,15:00KIX,"직항, 01시간 50분",티웨이항공,10:55KIX,12:55ICN,"직항, 02시간 00분",성인/모든 결제수단,"왕복 417,200원~",,
에어서울,13:10ICN,15:00KIX,"직항, 01시간 50분",제주항공,09:50KIX,11:50ICN,"직항, 02시간 00분",성인/모든 결제수단,"왕복 418,700원~",,
티웨이항공,14:40ICN,16:30KIX,"직항, 01시간 50분",에어부산,12:25KIX,14:25ICN,"직항, 02시간 00분",성인/모든 결제수단,"왕복 418,800원~",,
제주항공,16:55ICN,18:40KIX,"직항, 01시간 45분",티웨이항공,15:30KIX,17:35ICN,"직항, 02시간 05분",성인/모든 결제수단,"왕복 419,620원~",,
에어부산,15:35ICN,17:30KIX,"직항, 01시간 55분",이스타항공,11:50KIX,13:50ICN,"직항, 02시간 00분",성인/모든 결제수단,"왕복 420,000원~",,
에어부산,09:45ICN,11:30KIX,"직항, 01시간 45분",18:30KIX,20:35ICN,"직항, 02시간 05분",성인/모든 결제수단,"왕복 420,500원~",,,
에어부산,12:35ICN,14:25KIX,"직항, 01시간 50분",18:30KIX,20:35ICN,"직항, 02시간 05분",성인/모든 결제수단,"왕복 420,500원~",,,
진에어,14:05ICN,16:00KIX,"직항, 01시간 55분",17:00KIX,19:10ICN,"직항, 02시간 10분",성인/모든 결제수단,"왕복 420,900원~",,,
에어서울,15:20ICN,17:00KIX,"직항, 01시간 40분",진에어,11:05KIX,13:10ICN,"직항, 02시간 05분",성인/모든 결제수단,"왕복 422,600원~",,
에어서울,15:20ICN,17:00KIX,"직항, 01시간 40분",티웨이항공,15:30KIX,17:35ICN,"직항, 02시간 05분",성인/모든 결제수단,"왕복 422,600원~",,
에어서울,07:15ICN,09:05KIX,"직항, 01시간 50분",이스타항공,11:50KIX,13:50ICN,"직항, 02시간 00분",성인/모든 결제수단,"왕복 423,400원~",,
에어부산,15:35ICN,17:30KIX,"직항, 01시간 55분",티웨이항공,10:55KIX,12:55ICN,"직항, 02시간 00분",성인/모든 결제수단,"왕복 423,600원~",,
에어부산,09:45ICN,11:30KIX,"직항, 01시간 45분",12:25KIX,14:25ICN,"직항, 02시간 00분",성인/모든 결제수단,"왕복 424,200원~",,,
에어부산,15:35ICN,17:30KIX,"직항, 01시간 55분",제주항공,09:50KIX,11:50ICN,"직항, 02시간 00분",성인/모든 결제수단,"왕복 425,100원~",,
티웨이항공,07:55ICN,09:45KIX,"직항, 01시간 50분",진에어,11:05KIX,13:10ICN,"직항, 02시간 05분",성인/모든 결제수단,"왕복 425,800원~",,
티웨이항공,12:10ICN,14:00KIX,"직항, 01시간 50분",진에어,11:05KIX,13:10ICN,"직항, 02시간 05분",성인/모든 결제수단,"왕복 425,800원~",,
이스타항공,15:05ICN,17:00KIX,"직항, 01시간 55분",18:00KIX,19:50ICN,"직항, 01시간 50분",성인/모든 결제수단,"왕복 425,900원~",,,
진에어,14:05ICN,16:00KIX,"직항, 01시간 55분",티웨이항공,15:30KIX,17:35ICN,"직항, 02시간 05분",성인/모든 결제수단,"왕복 426,500원~",,
에어서울,07:15ICN,09:05KIX,"직항, 01시간 50분",티웨이항공,10:55KIX,12:55ICN,"직항, 02시간 00분",성인/모든 결제수단,"왕복 427,000원~",,
에어서울,07:15ICN,09:05KIX,"직항, 01시간 50분",제주항공,09:50KIX,11:50ICN,"직항, 02시간 00분",성인/모든 결제수단,"왕복 428,500원~",,
아시아나항공,08:05ICN,09:40KIX,"직항, 01시간 35분",09:00KIX,11:00ICN,"직항, 02시간 00분",성인/모든 결제수단,"왕복 428,600원~",,,
진에어,08:55ICN,10:50KIX,"직항, 01시간 55분",12:00KIX,14:00ICN,"직항, 02시간 00분",성인/모든 결제수단,"왕복 429,700원~",,,
에어서울,15:20ICN,17:00KIX,"직항, 01시간 40분",제주항공,11:50KIX,13:50ICN,"직항, 02시간 00분",성인/모든 결제수단,"왕복 430,300원~",,
피치항공,21:00ICN,22:45KIX,"직항, 01시간 45분",12:30KIX,14:35ICN,"직항, 02시간 05분",성인/모든 결제수단,"왕복 430,388원~",,,
피치항공,21:00ICN,22:45KIX,"직항, 01시간 45분",18:00KIX,20:05ICN,"직항, 02시간 05분",성인/모든 결제수단,"왕복 430,388원~",,,
에어서울,13:10ICN,15:00KIX,"직항, 01시간 50분",이스타항공,18:00KIX,19:50ICN,"직항, 01시간 50분",성인/모든 결제수단,"왕복 430,500원~",,
티웨이항공,14:40ICN,16:30KIX,"직항, 01시간 50분",진에어,12:00KIX,14:00ICN,"직항, 02시간 00분",성인/모든 결제수단,"왕복 431,200원~",,
진에어,15:00ICN,16:40KIX,"직항, 01시간 40분",에어부산,12:25KIX,14:25ICN,"직항, 02시간 00분",성인/모든 결제수단,"왕복 432,800원~",,
에어서울,15:20ICN,17:00KIX,"직항, 01시간 40분",16:00KIX,17:55ICN,"직항, 01시간 55분",성인/모든 결제수단,"왕복 433,900원~",,,
에어부산,12:35ICN,14:25KIX,"직항, 01시간 50분",12:25KIX,14:25ICN,"직항, 02시간 00분",성인/모든 결제수단,"왕복 434,200원~",,,
제주항공,07:00ICN,09:00KIX,"직항, 02시간 00분",이스타항공,11:50KIX,13:50ICN,"직항, 02시간 00분",성인/모든 결제수단,"왕복 434,500원~",,
제주항공,16:55ICN,18:40KIX,"직항, 01시간 45분",에어부산,12:25KIX,14:25ICN,"직항, 02시간 00분",성인/모든 결제수단,"왕복 434,600원~",,
진에어,08:00ICN,09:45KIX,"직항, 01시간 45분",18:00KIX,19:55ICN,"직항, 01시간 55분",성인/모든 결제수단,"왕복 434,900원~",,,
이스타항공,15:05ICN,17:00KIX,"직항, 01시간 55분",티웨이항공,15:30KIX,17:35ICN,"직항, 02시간 05분",성인/모든 결제수단,"왕복 435,500원~",,
진에어,08:00ICN,09:45KIX,"직항, 01시간 45분",이스타항공,11:50KIX,13:50ICN,"직항, 02시간 00분",성인/모든 결제수단,"왕복 435,800원~",,
제주항공,07:00ICN,09:00KIX,"직항, 02시간 00분",09:50KIX,11:50ICN,"직항, 02시간 00분",성인/모든 결제수단,"왕복 435,900원~",,,
티웨이항공,07:55ICN,09:45KIX,"직항, 01시간 50분",에어부산,12:25KIX,14:25ICN,"직항, 02시간 00분",성인/모든 결제수단,"왕복 436,200원~",,
티웨이항공,12:10ICN,14:00KIX,"직항, 01시간 50분",에어부산,12:25KIX,14:25ICN,"직항, 02시간 00분",성인/모든 결제수단,"왕복 436,200원~",,
에어부산,09:45ICN,11:30KIX,"직항, 01시간 45분",에어서울,09:55KIX,11:55ICN,"직항, 02시간 00분",성인/모든 결제수단,"왕복 436,900원~",,
에어부산,12:35ICN,14:25KIX,"직항, 01시간 50분",에어서울,09:55KIX,11:55ICN,"직항, 02시간 00분",성인/모든 결제수단,"왕복 436,900원~",,
에어부산,15:35ICN,17:30KIX,"직항, 01시간 55분",이스타항공,18:00KIX,19:50ICN,"직항, 01시간 50분",성인/모든 결제수단,"왕복 436,900원~",,
이스타항공,15:05ICN,17:00KIX,"직항, 01시간 55분",진에어,11:05KIX,13:10ICN,"직항, 02시간 05분",성인/모든 결제수단,"왕복 437,500원~",,
진에어,15:00ICN,16:40KIX,"직항, 01시간 40분",에어서울,16:00KIX,17:55ICN,"직항, 01시간 55분",성인/모든 결제수단,"왕복 437,600원~",,
티웨이항공,14:40ICN,16:30KIX,"직항, 01시간 50분",에어서울,16:00KIX,17:55ICN,"직항, 01시간 55분",성인/모든 결제수단,"왕복 437,700원~",,
에어서울,07:15ICN,09:05KIX,"직항, 01시간 50분",이스타항공,18:00KIX,19:50ICN,"직항, 01시간 50분",성인/모든 결제수단,"왕복 440,300원~",,
티웨이항공,14:40ICN,16:30KIX,"직항, 01시간 50분",제주항공,19:40KIX,21:40ICN,"직항, 02시간 00분",성인/모든 결제수단,"왕복 441,700원~",,
제주항공,16:55ICN,18:40KIX,"직항, 01시간 45분",에어서울,16:00KIX,17:55ICN,"직항, 01시간 55분",성인/모든 결제수단,"왕복 441,800원~",,
에어서울,13:10ICN,15:00KIX,"직항, 01시간 50분",진에어,11:05KIX,13:10ICN,"직항, 02시간 05분",성인/모든 결제수단,"왕복 442,100원~",,
에어서울,13:10ICN,15:00KIX,"직항, 01시간 50분",티웨이항공,15:30KIX,17:35ICN,"직항, 02시간 05분",성인/모든 결제수단,"왕복 442,100원~",,
에어서울,15:20ICN,17:00KIX,"직항, 01시간 40분",진에어,12:00KIX,14:00ICN,"직항, 02시간 00분",성인/모든 결제수단,"왕복 443,900원~",,
제주항공,09:10ICN,11:00KIX,"직항, 01시간 50분",이스타항공,11:50KIX,13:50ICN,"직항, 02시간 00분",성인/모든 결제수단,"왕복 444,200원~",,
제주항공,09:10ICN,11:00KIX,"직항, 01시간 50분",09:50KIX,11:50ICN,"직항, 02시간 00분",성인/모든 결제수단,"왕복 444,900원~",,,
이스타항공,15:05ICN,17:00KIX,"직항, 01시간 55분",제주항공,11:50KIX,13:50ICN,"직항, 02시간 00분",성인/모든 결제수단,"왕복 445,200원~",,
티웨이항공,14:40ICN,16:30KIX,"직항, 01시간 50분",에어부산,18:30KIX,20:35ICN,"직항, 02시간 05분",성인/모든 결제수단,"왕복 445,500원~",,
티웨이항공,14:40ICN,16:30KIX,"직항, 01시간 50분",에어부산,15:25KIX,17:40ICN,"직항, 02시간 15분",성인/모든 결제수단,"왕복 445,500원~",,
티웨이항공,07:55ICN,09:45KIX,"직항, 01시간 50분",진에어,12:00KIX,14:00ICN,"직항, 02시간 00분",성인/모든 결제수단,"왕복 447,100원~",,
티웨이항공,12:10ICN,14:00KIX,"직항, 01시간 50분",진에어,12:00KIX,14:00ICN,"직항, 02시간 00분",성인/모든 결제수단,"왕복 447,100원~",,
제주항공,09:10ICN,11:00KIX,"직항, 01시간 50분",티웨이항공,10:55KIX,12:55ICN,"직항, 02시간 00분",성인/모든 결제수단,"왕복 447,800원~",,
진에어,08:55ICN,10:50KIX,"직항, 01시간 55분",18:00KIX,19:55ICN,"직항, 01시간 55분",성인/모든 결제수단,"왕복 448,300원~",,,
에어부산,15:35ICN,17:30KIX,"직항, 01시간 55분",진에어,11:05KIX,13:10ICN,"직항, 02시간 05분",성인/모든 결제수단,"왕복 448,500원~",,
에어부산,15:35ICN,17:30KIX,"직항, 01시간 55분",티웨이항공,15:30KIX,17:35ICN,"직항, 02시간 05분",성인/모든 결제수단,"왕복 448,500원~",,
티웨이항공,14:40ICN,16:30KIX,"직항, 01시간 50분",17:30KIX,19:30ICN,"직항, 02시간 00분",성인/모든 결제수단,"왕복 448,600원~",,,
제주항공,09:10ICN,11:00KIX,"직항, 01시간 50분",피치항공,07:40KIX,09:45ICN,"직항, 02시간 05분",성인/모든 결제수단,"왕복 449,155원~",,
에어서울,13:10ICN,15:00KIX,"직항, 01시간 50분",제주항공,11:50KIX,13:50ICN,"직항, 02시간 00분",성인/모든 결제수단,"왕복 449,800원~",,
티웨이항공,14:40ICN,16:30KIX,"직항, 01시간 50분",대한항공,09:20KIX,11:15ICN,"직항, 01시간 55분",성인/모든 결제수단,"왕복 450,200원~",,
제주항공,16:55ICN,18:40KIX,"직항, 01시간 45분",진에어,12:00KIX,14:00ICN,"직항, 02시간 00분",성인/모든 결제수단,"왕복 451,000원~",,
제주항공,07:00ICN,09:00KIX,"직항, 02시간 00분",이스타항공,18:00KIX,19:50ICN,"직항, 01시간 50분",성인/모든 결제수단,"왕복 451,400원~",,
제주항공,07:00ICN,09:00KIX,"직항, 02시간 00분",티웨이항공,10:55KIX,12:55ICN,"직항, 02시간 00분",성인/모든 결제수단,"왕복 451,800원~",,
에어서울,07:15ICN,09:05KIX,"직항, 01시간 50분",진에어,11:05KIX,13:10ICN,"직항, 02시간 05분",성인/모든 결제수단,"왕복 451,900원~",,
에어서울,07:15ICN,09:05KIX,"직항, 01시간 50분",티웨이항공,15:30KIX,17:35ICN,"직항, 02시간 05분",성인/모든 결제수단,"왕복 451,900원~",,
에어서울,13:10ICN,15:00KIX,"직항, 01시간 50분",16:00KIX,17:55ICN,"직항, 01시간 55분",성인/모든 결제수단,"왕복 452,500원~",,,
티웨이항공,14:40ICN,16:30KIX,"직항, 01시간 50분",진에어,18:00KIX,19:55ICN,"직항, 01시간 55분",성인/모든 결제수단,"왕복 452,600원~",,
진에어,08:00ICN,09:45KIX,"직항, 01시간 45분",이스타항공,18:00KIX,19:50ICN,"직항, 01시간 50분",성인/모든 결제수단,"왕복 452,700원~",,
진에어,08:00ICN,09:45KIX,"직항, 01시간 45분",17:00KIX,19:10ICN,"직항, 02시간 10분",성인/모든 결제수단,"왕복 453,600원~",,,
에어서울,15:20ICN,17:00KIX,"직항, 01시간 40분",제주항공,19:40KIX,21:40ICN,"직항, 02시간 00분",성인/모든 결제수단,"왕복 454,400원~",,
이스타항공,09:05ICN,10:55KIX,"직항, 01시간 50분",에어서울,09:55KIX,11:55ICN,"직항, 02시간 00분",성인/모든 결제수단,"왕복 456,200원~",,
에어부산,15:35ICN,17:30KIX,"직항, 01시간 55분",제주항공,11:50KIX,13:50ICN,"직항, 02시간 00분",성인/모든 결제수단,"왕복 456,200원~",,
진에어,08:00ICN,09:45KIX,"직항, 01시간 45분",티웨이항공,10:55KIX,12:55ICN,"직항, 02시간 00분",성인/모든 결제수단,"왕복 457,900원~",,
아시아나항공,14:10ICN,15:50KIX,"직항, 01시간 40분",에어서울,09:55KIX,11:55ICN,"직항, 02시간 00분",성인/모든 결제수단,"왕복 458,200원~",,
진에어,15:00ICN,16:40KIX,"직항, 01시간 40분",대한항공,09:20KIX,11:15ICN,"직항, 01시간 55분",성인/모든 결제수단,"왕복 458,400원~",,
진에어,08:00ICN,09:45KIX,"직항, 01시간 45분",제주항공,09:50KIX,11:50ICN,"직항, 02시간 00분",성인/모든 결제수단,"왕복 459,400원~",,
진에어,15:00ICN,16:40KIX,"직항, 01시간 40분",에어부산,18:30KIX,20:35ICN,"직항, 02시간 05분",성인/모든 결제수단,"왕복 459,500원~",,
진에어,15:00ICN,16:40KIX,"직항, 01시간 40분",에어부산,15:25KIX,17:40ICN,"직항, 02시간 15분",성인/모든 결제수단,"왕복 459,500원~",,
에어서울,07:15ICN,09:05KIX,"직항, 01시간 50분",제주항공,11:50KIX,13:50ICN,"직항, 02시간 00분",성인/모든 결제수단,"왕복 459,600원~",,
에어부산,09:45ICN,11:30KIX,"직항, 01시간 45분",이스타항공,11:50KIX,13:50ICN,"직항, 02시간 00분",성인/모든 결제수단,"왕복 460,000원~",,
에어부산,12:35ICN,14:25KIX,"직항, 01시간 50분",이스타항공,11:50KIX,13:50ICN,"직항, 02시간 00분",성인/모든 결제수단,"왕복 460,000원~",,
제주항공,09:10ICN,11:00KIX,"직항, 01시간 50분",이스타항공,18:00KIX,19:50ICN,"직항, 01시간 50분",성인/모든 결제수단,"왕복 461,100원~",,
제주항공,16:55ICN,18:40KIX,"직항, 01시간 45분",에어부산,18:30KIX,20:35ICN,"직항, 02시간 05분",성인/모든 결제수단,"왕복 461,300원~",,
제주항공,16:55ICN,18:40KIX,"직항, 01시간 45분",에어부산,15:25KIX,17:40ICN,"직항, 02시간 15분",성인/모든 결제수단,"왕복 461,300원~",,
진에어,15:00ICN,16:40KIX,"직항, 01시간 40분",제주항공,19:40KIX,21:40ICN,"직항, 02시간 00분",성인/모든 결제수단,"왕복 461,700원~",,
에어서울,07:15ICN,09:05KIX,"직항, 01시간 50분",16:00KIX,17:55ICN,"직항, 01시간 55분",성인/모든 결제수단,"왕복 461,800원~",,,
제주항공,16:55ICN,18:40KIX,"직항, 01시간 45분",19:40KIX,21:40ICN,"직항, 02시간 00분",성인/모든 결제수단,"왕복 461,900원~",,,
진에어,08:55ICN,10:50KIX,"직항, 01시간 55분",에어서울,09:55KIX,11:55ICN,"직항, 02시간 00분",성인/모든 결제수단,"왕복 462,300원~",,
티웨이항공,07:55ICN,09:45KIX,"직항, 01시간 50분",에어부산,18:30KIX,20:35ICN,"직항, 02시간 05분",성인/모든 결제수단,"왕복 462,900원~",,
티웨이항공,12:10ICN,14:00KIX,"직항, 01시간 50분",에어부산,15:25KIX,17:40ICN,"직항, 02시간 15분",성인/모든 결제수단,"왕복 462,900원~",,
에어서울,15:20ICN,17:00KIX,"직항, 01시간 40분",대한항공,09:20KIX,11:15ICN,"직항, 01시간 55분",성인/모든 결제수단,"왕복 462,900원~",,
제주항공,07:00ICN,09:00KIX,"직항, 02시간 00분",11:50KIX,13:50ICN,"직항, 02시간 00분",성인/모든 결제수단,"왕복 463,000원~",,,
에어서울,13:10ICN,15:00KIX,"직항, 01시간 50분",진에어,12:00KIX,14:00ICN,"직항, 02시간 00분",성인/모든 결제수단,"왕복 463,400원~",,
에어부산,09:45ICN,11:30KIX,"직항, 01시간 45분",티웨이항공,10:55KIX,12:55ICN,"직항, 02시간 00분",성인/모든 결제수단,"왕복 463,600원~",,
에어부산,12:35ICN,14:25KIX,"직항, 01시간 50분",티웨이항공,10:55KIX,12:55ICN,"직항, 02시간 00분",성인/모든 결제수단,"왕복 463,600원~",,
에어서울,15:20ICN,17:00KIX,"직항, 01시간 40분",티웨이항공,17:30KIX,19:30ICN,"직항, 02시간 00분",성인/모든 결제수단,"왕복 464,400원~",,
에어부산,09:45ICN,11:30KIX,"직항, 01시간 45분",제주항공,09:50KIX,11:50ICN,"직항, 02시간 00분",성인/모든 결제수단,"왕복 465,100원~",,
에어부산,12:35ICN,14:25KIX,"직항, 01시간 50분",제주항공,09:50KIX,11:50ICN,"직항, 02시간 00분",성인/모든 결제수단,"왕복 465,100원~",,
에어서울,15:20ICN,17:00KIX,"직항, 01시간 40분",진에어,18:00KIX,19:55ICN,"직항, 01시간 55분",성인/모든 결제수단,"왕복 465,300원~",,
티웨이항공,07:55ICN,09:45KIX,"직항, 01시간 50분",17:30KIX,19:30ICN,"직항, 02시간 00분",성인/모든 결제수단,"왕복 465,400원~",,,
티웨이항공,12:10ICN,14:00KIX,"직항, 01시간 50분",17:30KIX,19:30ICN,"직항, 02시간 00분",성인/모든 결제수단,"왕복 465,400원~",,,
아시아나항공,19:10ICN,20:55KIX,"직항, 01시간 45분",에어서울,09:55KIX,11:55ICN,"직항, 02시간 00분",성인/모든 결제수단,"왕복 465,800원~",,
진에어,08:55ICN,10:50KIX,"직항, 01시간 55분",17:00KIX,19:10ICN,"직항, 02시간 10분",성인/모든 결제수단,"왕복 466,900원~",,,
이스타항공,15:05ICN,17:00KIX,"직항, 01시간 55분",에어서울,16:00KIX,17:55ICN,"직항, 01시간 55분",성인/모든 결제수단,"왕복 467,300원~",,
티웨이항공,07:55ICN,09:45KIX,"직항, 01시간 50분",에어서울,16:00KIX,17:55ICN,"직항, 01시간 55분",성인/모든 결제수단,"왕복 467,700원~",,
티웨이항공,12:10ICN,14:00KIX,"직항, 01시간 50분",에어서울,16:00KIX,17:55ICN,"직항, 01시간 55분",성인/모든 결제수단,"왕복 467,700원~",,
에어부산,15:35ICN,17:30KIX,"직항, 01시간 55분",에어서울,16:00KIX,17:55ICN,"직항, 01시간 55분",성인/모든 결제수단,"왕복 468,000원~",,
티웨이항공,14:40ICN,16:30KIX,"직항, 01시간 50분",진에어,17:00KIX,19:10ICN,"직항, 02시간 10분",성인/모든 결제수단,"왕복 468,700원~",,
제주항공,16:55ICN,18:40KIX,"직항, 01시간 45분",대한항공,09:20KIX,11:15ICN,"직항, 01시간 55분",성인/모든 결제수단,"왕복 470,400원~",,
진에어,15:00ICN,16:40KIX,"직항, 01시간 40분",티웨이항공,17:30KIX,19:30ICN,"직항, 02시간 00분",성인/모든 결제수단,"왕복 471,700원~",,
제주항공,16:55ICN,18:40KIX,"직항, 01시간 45분",진에어,18:00KIX,19:55ICN,"직항, 01시간 55분",성인/모든 결제수단,"왕복 472,200원~",,
티웨이항공,12:10ICN,14:00KIX,"직항, 01시간 50분",제주항공,19:40KIX,21:40ICN,"직항, 02시간 00분",성인/모든 결제수단,"왕복 472,500원~",,
제주항공,09:10ICN,11:00KIX,"직항, 01시간 50분",11:50KIX,13:50ICN,"직항, 02시간 00분",성인/모든 결제수단,"왕복 473,000원~",,,
에어서울,07:15ICN,09:05KIX,"직항, 01시간 50분",진에어,12:00KIX,14:00ICN,"직항, 02시간 00분",성인/모든 결제수단,"왕복 473,200원~",,
티웨이항공,07:55ICN,09:45KIX,"직항, 01시간 50분",진에어,18:00KIX,19:55ICN,"직항, 01시간 55분",성인/모든 결제수단,"왕복 473,800원~",,
티웨이항공,12:10ICN,14:00KIX,"직항, 01시간 50분",진에어,18:00KIX,19:55ICN,"직항, 01시간 55분",성인/모든 결제수단,"왕복 473,800원~",,
에어서울,13:10ICN,15:00KIX,"직항, 01시간 50분",제주항공,19:40KIX,21:40ICN,"직항, 02시간 00분",성인/모든 결제수단,"왕복 473,900원~",,
아시아나항공,14:10ICN,15:50KIX,"직항, 01시간 40분",티웨이항공,10:55KIX,12:55ICN,"직항, 02시간 00분",성인/모든 결제수단,"왕복 476,200원~",,
에어부산,09:45ICN,11:30KIX,"직항, 01시간 45분",이스타항공,18:00KIX,19:50ICN,"직항, 01시간 50분",성인/모든 결제수단,"왕복 476,900원~",,
에어부산,12:35ICN,14:25KIX,"직항, 01시간 50분",이스타항공,18:00KIX,19:50ICN,"직항, 01시간 50분",성인/모든 결제수단,"왕복 476,900원~",,
제주항공,16:55ICN,18:40KIX,"직항, 01시간 45분",티웨이항공,17:30KIX,19:30ICN,"직항, 02시간 00분",성인/모든 결제수단,"왕복 479,430원~",,
이스타항공,09:05ICN,10:55KIX,"직항, 01시간 50분",11:50KIX,13:50ICN,"직항, 02시간 00분",성인/모든 결제수단,"왕복 481,000원~",,,
에어서울,13:10ICN,15:00KIX,"직항, 01시간 50분",대한항공,09:20KIX,11:15ICN,"직항, 01시간 55분",성인/모든 결제수단,"왕복 482,400원~",,
제주항공,16:55ICN,18:40KIX,"직항, 01시간 45분",진에어,17:00KIX,19:10ICN,"직항, 02시간 10분",성인/모든 결제수단,"왕복 484,500원~",,
에어서울,13:10ICN,15:00KIX,"직항, 01시간 50분",진에어,18:00KIX,19:55ICN,"직항, 01시간 55분",성인/모든 결제수단,"왕복 484,800원~",,
대한항공,09:00ICN,10:45KIX,"직항, 01시간 45분",티웨이항공,10:55KIX,12:55ICN,"직항, 02시간 00분",성인/모든 결제수단,"왕복 485,600원~",,
아시아나항공,08:05ICN,09:40KIX,"직항, 01시간 35분",에어서울,09:55KIX,11:55ICN,"직항, 02시간 00분",성인/모든 결제수단,"왕복 485,800원~",,
티웨이항공,07:55ICN,09:45KIX,"직항, 01시간 50분",진에어,17:00KIX,19:10ICN,"직항, 02시간 10분",성인/모든 결제수단,"왕복 486,100원~",,
티웨이항공,12:10ICN,14:00KIX,"직항, 01시간 50분",진에어,17:00KIX,19:10ICN,"직항, 02시간 10분",성인/모든 결제수단,"왕복 486,100원~",,
아시아나항공,14:10ICN,15:50KIX,"직항, 01시간 40분",이스타항공,11:50KIX,13:50ICN,"직항, 02시간 00분",성인/모든 결제수단,"왕복 488,900원~",,
대한항공진에어 공동운항,09:00ICN,10:45KIX,"직항, 01시간 45분",11:05KIX,13:10ICN,"직항, 02시간 05분",성인/모든 결제수단,"왕복 490,900원~",,,
대한항공진에어 공동운항,19:05ICN,21:00KIX,"직항, 01시간 55분",11:05KIX,13:10ICN,"직항, 02시간 05분",성인/모든 결제수단,"왕복 490,900원~",,,
에어서울,07:15ICN,09:05KIX,"직항, 01시간 50분",대한항공,09:20KIX,11:15ICN,"직항, 01시간 55분",성인/모든 결제수단,"왕복 492,200원~",,
제주항공,07:00ICN,09:00KIX,"직항, 02시간 00분",19:40KIX,21:40ICN,"직항, 02시간 00분",성인/모든 결제수단,"왕복 495,400원~",,,
이스타항공,09:05ICN,10:55KIX,"직항, 01시간 50분",18:00KIX,19:50ICN,"직항, 01시간 50분",성인/모든 결제수단,"왕복 496,200원~",,,
대한항공,09:00ICN,10:45KIX,"직항, 01시간 45분",09:20KIX,11:15ICN,"직항, 01시간 55분",성인/모든 결제수단,"왕복 499,000원~",,,
대한항공진에어 공동운항,08:00ICN,09:45KIX,"직항, 01시간 45분",11:05KIX,13:10ICN,"직항, 02시간 05분",성인/모든 결제수단,"왕복 500,300원~",,,
아시아나항공,14:10ICN,15:50KIX,"직항, 01시간 40분",티웨이항공,15:30KIX,17:35ICN,"직항, 02시간 05분",성인/모든 결제수단,"왕복 500,800원~",,
제주항공,09:10ICN,11:00KIX,"직항, 01시간 50분",19:40KIX,21:40ICN,"직항, 02시간 00분",성인/모든 결제수단,"왕복 504,800원~",,,
아시아나항공,14:10ICN,15:50KIX,"직항, 01시간 40분",이스타항공,18:00KIX,19:50ICN,"직항, 01시간 50분",성인/모든 결제수단,"왕복 505,800원~",,
대한항공,09:00ICN,10:45KIX,"직항, 01시간 45분",11:55KIX,14:00ICN,"직항, 02시간 05분",성인/모든 결제수단,"왕복 508,600원~",,,
대한항공진에어 공동운항,08:00ICN,09:45KIX,"직항, 01시간 45분",09:20KIX,11:15ICN,"직항, 01시간 55분",성인/모든 결제수단,"왕복 508,600원~",,,
대한항공,09:00ICN,10:45KIX,"직항, 01시간 45분",티웨이항공,15:30KIX,17:35ICN,"직항, 02시간 05분",성인/모든 결제수단,"왕복 510,200원~",,
대한항공진에어 공동운항,08:00ICN,09:45KIX,"직항, 01시간 45분",11:55KIX,14:00ICN,"직항, 02시간 05분",성인/모든 결제수단,"왕복 518,300원~",,,
대한항공진에어 공동운항,08:00ICN,09:45KIX,"직항, 01시간 45분",18:10KIX,20:15ICN,"직항, 02시간 05분",성인/모든 결제수단,"왕복 518,300원~",,,
아시아나항공,08:05ICN,09:40KIX,"직항, 01시간 35분",이스타항공,18:00KIX,19:50ICN,"직항, 01시간 50분",성인/모든 결제수단,"왕복 525,800원~",,
진에어,15:00ICN,16:40KIX,"직항, 01시간 40분",대한항공진에어 공동운항,11:05KIX,13:10ICN,"직항, 02시간 05분",성인/모든 결제수단,"왕복 586,800원~",,
대한항공진에어 공동운항,08:00ICN,09:45KIX,"직항, 01시간 45분",진에어,17:00KIX,19:10ICN,"직항, 02시간 10분",성인/모든 결제수단,"왕복 586,800원~",,
대한항공진에어 공동운항,08:00ICN,09:45KIX,"직항, 01시간 45분",진에어,11:05KIX,13:10ICN,"직항, 02시간 05분",성인/모든 결제수단,"왕복 586,800원~",,
대한항공진에어 공동운항,08:00ICN,09:45KIX,"직항, 01시간 45분",ANA아시아나항공 공동운항,09:00KIX,11:00ICN,"직항, 02시간 00분",성인/모든 결제수단,"왕복 602,500원~",,
ANA아시아나항공 공동운항,19:10ICN,20:55KIX,"직항, 01시간 45분",대한항공진에어 공동운항,11:05KIX,13:10ICN,"직항, 02시간 05분",성인/모든 결제수단,"왕복 602,500원~",,
대한항공진에어 공동운항,08:00ICN,09:45KIX,"직항, 01시간 45분",일본항공대한항공 공동운항,09:20KIX,11:15ICN,"직항, 01시간 55분",성인/모든 결제수단,"왕복 603,300원~",,
일본항공대한항공 공동운항,19:05ICN,21:00KIX,"직항, 01시간 55분",대한항공진에어 공동운항,11:05KIX,13:10ICN,"직항, 02시간 05분",성인/모든 결제수단,"왕복 603,300원~",,
여러항공사동일가 다른 일정14,09:00ICN,22:20KIX,"경유 1, 13시간 20분",09:00KIX,11:00ICN,"직항, 02시간 00분",성인/모든 결제수단,"왕복 620,300원~",,,
대한항공진에어 공동운항,08:00ICN,09:45KIX,"직항, 01시간 45분",아시아나항공,09:00KIX,11:00ICN,"직항, 02시간 00분",성인/모든 결제수단,"왕복 628,800원~",,
아시아나항공,19:10ICN,20:55KIX,"직항, 01시간 45분",대한항공진에어 공동운항,11:05KIX,13:10ICN,"직항, 02시간 05분",성인/모든 결제수단,"왕복 628,800원~",,
여러항공사중국동방항공 공동운항동일가 다른 일정5,14:30ICN,21:00KIX,"경유 1, 06시간 30분",ANA아시아나항공 공동운항,09:00KIX,11:00ICN,"직항, 02시간 00분",성인/모든 결제수단,"왕복 630,000원~",,
여러항공사중국동방항공 공동운항동일가 다른 일정5,14:30ICN,21:00KIX,"경유 1, 06시간 30분",아시아나항공,09:00KIX,11:00ICN,"직항, 02시간 00분",성인/모든 결제수단,"왕복 631,100원~",,
여러항공사Ana 윙스 공동운항동일가 다른 일정2,09:00ICN,19:30KIX,"경유 1, 10시간 30분",09:00KIX,11:00ICN,"직항, 02시간 00분",성인/모든 결제수단,"왕복 636,900원~",,,
여러항공사동일가 다른 일정5,12:05ICN,22:20KIX,"경유 1, 10시간 15분",09:00KIX,11:00ICN,"직항, 02시간 00분",성인/모든 결제수단,"왕복 639,000원~",,,
ANA아시아나항공 공동운항,08:05ICN,09:40KIX,"직항, 01시간 35분",09:00KIX,11:00ICN,"직항, 02시간 00분",성인/모든 결제수단,"왕복 643,400원~",,,
ANA아시아나항공 공동운항,19:10ICN,20:55KIX,"직항, 01시간 45분",17:00KIX,19:05ICN,"직항, 02시간 05분",성인/모든 결제수단,"왕복 643,400원~",,,
ANA아시아나항공 공동운항,08:05ICN,09:40KIX,"직항, 01시간 35분",일본항공대한항공 공동운항,09:20KIX,11:15ICN,"직항, 01시간 55분",성인/모든 결제수단,"왕복 644,200원~",,
일본항공대한항공 공동운항,19:05ICN,21:00KIX,"직항, 01시간 55분",ANA아시아나항공 공동운항,17:00KIX,19:05ICN,"직항, 02시간 05분",성인/모든 결제수단,"왕복 644,200원~",,
일본항공대한항공 공동운항,09:00ICN,10:45KIX,"직항, 01시간 45분",09:20KIX,11:15ICN,"직항, 01시간 55분",성인/모든 결제수단,"왕복 645,000원~",,,
일본항공대한항공 공동운항,19:05ICN,21:00KIX,"직항, 01시간 55분",18:10KIX,20:15ICN,"직항, 02시간 05분",성인/모든 결제수단,"왕복 645,000원~",,,
진에어,15:00ICN,16:40KIX,"직항, 01시간 40분",대한항공,11:55KIX,14:00ICN,"직항, 02시간 05분",성인/모든 결제수단,"왕복 645,300원~",,
대한항공,19:05ICN,21:00KIX,"직항, 01시간 55분",진에어,17:00KIX,19:10ICN,"직항, 02시간 10분",성인/모든 결제수단,"왕복 645,300원~",,
중국동방항공동일가 다른 일정2,16:20ICN,21:00KIX,+1일,"경유 1, 28시간 40분",아시아나항공,09:00KIX,11:00ICN,"직항, 02시간 00분",성인/모든 결제수단,"왕복 651,200원~",
여러항공사진에어 공동운항동일가 다른 일정3,07:40ICN,22:20KIX,"경유 1, 14시간 40분",09:20KIX,11:15ICN,"직항, 01시간 55분",성인/모든 결제수단,"왕복 651,800원~",,,
여러항공사Ana 윙스 공동운항동일가 다른 일정2,12:05ICN,19:30KIX,"경유 1, 07시간 25분",09:00KIX,11:00ICN,"직항, 02시간 00분",성인/모든 결제수단,"왕복 656,300원~",,,
여러항공사동일가 다른 일정14,09:00ICN,21:50KIX,"경유 1, 12시간 50분",10:50KIX,12:50ICN,"직항, 02시간 00분",성인/모든 결제수단,"왕복 659,200원~",,,
중국국제항공동일가 다른 일정1,18:10ICN,12:40KIX,+1일,"경유 1, 18시간 30분",13:50KIX,11:50ICN,+1일,"경유 1, 22시간 00분",성인/모든 결제수단,"왕복 660,500원~",
대한항공,09:00ICN,10:45KIX,"직항, 01시간 45분",ANA아시아나항공 공동운항,09:00KIX,11:00ICN,"직항, 02시간 00분",성인/모든 결제수단,"왕복 660,900원~",,
아시아나항공,08:05ICN,09:40KIX,"직항, 01시간 35분",ANA아시아나항공 공동운항,09:00KIX,11:00ICN,"직항, 02시간 00분",성인/모든 결제수단,"왕복 661,100원~",,
아시아나항공,19:10ICN,20:55KIX,"직항, 01시간 45분",ANA아시아나항공 공동운항,17:00KIX,19:05ICN,"직항, 02시간 05분",성인/모든 결제수단,"왕복 661,100원~",,
대한항공,09:00ICN,10:45KIX,"직항, 01시간 45분",일본항공대한항공 공동운항,09:20KIX,11:15ICN,"직항, 01시간 55분",성인/모든 결제수단,"왕복 661,700원~",,
아시아나항공,08:05ICN,09:40KIX,"직항, 01시간 35분",일본항공대한항공 공동운항,09:20KIX,11:15ICN,"직항, 01시간 55분",성인/모든 결제수단,"왕복 661,900원~",,
아시아나항공,19:10ICN,20:55KIX,"직항, 01시간 45분",일본항공대한항공 공동운항,18:10KIX,20:15ICN,"직항, 02시간 05분",성인/모든 결제수단,"왕복 661,900원~",,
ANA아시아나항공 공동운항,19:10ICN,20:55KIX,"직항, 01시간 45분",대한항공,18:10KIX,20:15ICN,"직항, 02시간 05분",성인/모든 결제수단,"왕복 665,700원~",,
일본항공대한항공 공동운항,09:00ICN,10:45KIX,"직항, 01시간 45분",대한항공,09:20KIX,11:15ICN,"직항, 01시간 55분",성인/모든 결제수단,"왕복 666,500원~",,
여러항공사중국동방항공 공동운항동일가 다른 일정2,14:30ICN,21:00KIX,"경유 1, 06시간 30분",ANA아시아나항공 공동운항,09:00KIX,11:00ICN,"직항, 02시간 00분",성인/모든 결제수단,"왕복 673,400원~",,
여러항공사중국동방항공 공동운항동일가 다른 일정2,14:30ICN,21:00KIX,"경유 1, 06시간 30분",일본항공대한항공 공동운항,09:20KIX,11:15ICN,"직항, 01시간 55분",성인/모든 결제수단,"왕복 674,200원~",,
중국동방항공동일가 다른 일정2,16:20ICN,21:00KIX,+1일,"경유 1, 28시간 40분",ANA아시아나항공 공동운항,09:00KIX,11:00ICN,"직항, 02시간 00분",성인/모든 결제수단,"왕복 674,800원~",
중국하문항공동일가 다른 일정2,13:45ICN,17:55KIX,+1일,"경유 1, 28시간 10분",ANA아시아나항공 공동운항,09:00KIX,11:00ICN,"직항, 02시간 00분",성인/모든 결제수단,"왕복 679,800원~",
여러항공사동일가 다른 일정5,12:05ICN,21:50KIX,"경유 1, 09시간 45분",10:50KIX,12:50ICN,"직항, 02시간 00분",성인/모든 결제수단,"왕복 680,000원~",,,
대한항공,19:05ICN,21:00KIX,"직항, 01시간 55분",일본항공대한항공 공동운항,18:10KIX,20:15ICN,"직항, 02시간 05분",성인/모든 결제수단,"왕복 680,900원~",,
일본항공대한항공 공동운항,19:05ICN,21:00KIX,"직항, 01시간 55분",대한항공,18:10KIX,20:15ICN,"직항, 02시간 05분",성인/모든 결제수단,"왕복 688,700원~",,
ANA아시아나항공 공동운항,08:05ICN,09:40KIX,"직항, 01시간 35분",아시아나항공,09:00KIX,11:00ICN,"직항, 02시간 00분",성인/모든 결제수단,"왕복 691,100원~",,
ANA아시아나항공 공동운항,19:10ICN,20:55KIX,"직항, 01시간 45분",아시아나항공,17:00KIX,19:05ICN,"직항, 02시간 05분",성인/모든 결제수단,"왕복 691,100원~",,
일본항공대한항공 공동운항,09:00ICN,10:45KIX,"직항, 01시간 45분",아시아나항공,09:00KIX,11:00ICN,"직항, 02시간 00분",성인/모든 결제수단,"왕복 692,700원~",,
일본항공대한항공 공동운항,19:05ICN,21:00KIX,"직항, 01시간 55분",아시아나항공,09:00KIX,11:00ICN,"직항, 02시간 00분",성인/모든 결제수단,"왕복 692,700원~",,
산동항공,22:05ICN,20:45KIX,+1일,"경유 1, 22시간 40분",21:45KIX,10:45ICN,+1일,"경유 1, 13시간 00분",성인/모든 결제수단,"왕복 694,300원~",
일본항공대한항공 공동운항,19:05ICN,21:00KIX,"직항, 01시간 55분",아시아나항공,10:50KIX,12:50ICN,"직항, 02시간 00분",성인/모든 결제수단,"왕복 698,200원~",,
일본항공대한항공 공동운항,15:10ICN,17:00KIX,"직항, 01시간 50분",아시아나항공,17:00KIX,19:05ICN,"직항, 02시간 05분",성인/모든 결제수단,"왕복 698,200원~",,
아시아나항공,19:10ICN,20:55KIX,"직항, 01시간 45분",대한항공,11:55KIX,14:00ICN,"직항, 02시간 05분",성인/모든 결제수단,"왕복 719,400원~",,
아시아나항공,08:05ICN,09:40KIX,"직항, 01시간 35분",대한항공,09:20KIX,11:15ICN,"직항, 01시간 55분",성인/모든 결제수단,"왕복 719,400원~",,
대한항공,09:00ICN,10:45KIX,"직항, 01시간 45분",아시아나항공,10:50KIX,12:50ICN,"직항, 02시간 00분",성인/모든 결제수단,"왕복 719,700원~",,
대한항공,15:10ICN,17:00KIX,"직항, 01시간 50분",아시아나항공,09:00KIX,11:00ICN,"직항, 02시간 00분",성인/모든 결제수단,"왕복 719,700원~",,
산동항공,11:45ICN,20:45KIX,"경유 1, 09시간 00분",21:45KIX,10:45ICN,+1일,"경유 1, 13시간 00분",성인/모든 결제수단,"왕복 719,800원~",,
중국동방항공동일가 다른 일정2,14:40ICN,14:45KIX,+1일,"경유 1, 24시간 05분",ANA아시아나항공 공동운항,09:00KIX,11:00ICN,"직항, 02시간 00분",성인/모든 결제수단,"왕복 735,600원~",
중국동방항공동일가 다른 일정2,14:40ICN,14:45KIX,+1일,"경유 1, 24시간 05분",일본항공대한항공 공동운항,09:20KIX,11:15ICN,"직항, 01시간 55분",성인/모든 결제수단,"왕복 736,400원~",
ANA아시아나항공 공동운항동일가 다른 일정2,08:05ICN,09:40KIX,"직항, 01시간 35분",여러항공사,19:20KIX,11:25ICN,+1일,"경유 1, 16시간 05분",성인/모든 결제수단,"왕복 767,000원~",
일본항공대한항공 등 공동운항동일가 다른 일정8,09:00ICN,10:45KIX,"직항, 01시간 45분",10:10KIX,16:50ICN,"경유 1, 06시간 40분",성인/모든 결제수단,"왕복 768,200원~",,,
일본항공대한항공 등 공동운항동일가 다른 일정5,09:55ICN,17:45KIX,"경유 1, 07시간 50분",09:20KIX,11:15ICN,"직항, 01시간 55분",성인/모든 결제수단,"왕복 769,100원~",,,
일본항공대한항공 공동운항동일가 다른 일정3,09:00ICN,10:45KIX,"직항, 01시간 45분",21:10KIX,04:50ICN,+1일,"경유 1, 07시간 40분",성인/모든 결제수단,"왕복 784,200원~",,
중국동방항공,16:20ICN,21:00KIX,+1일,"경유 1, 28시간 40분",14:20KIX,20:45ICN,"경유 1, 06시간 25분",성인/모든 결제수단,"왕복 830,700원~",,
ANA아시아나항공 공동운항동일가 다른 일정5,08:05ICN,09:40KIX,"직항, 01시간 35분",중국동방항공,14:20KIX,20:45ICN,"경유 1, 06시간 25분",성인/모든 결제수단,"왕복 832,000원~",,
일본항공대한항공 공동운항동일가 다른 일정5,09:00ICN,10:45KIX,"직항, 01시간 45분",중국동방항공,14:20KIX,20:45ICN,"경유 1, 06시간 25분",성인/모든 결제수단,"왕복 832,800원~",,
중국동방항공동일가 다른 일정2,14:30ICN,21:00KIX,"경유 1, 06시간 30분",ANA아시아나항공 공동운항,09:00KIX,11:00ICN,"직항, 02시간 00분",성인/모든 결제수단,"왕복 833,400원~",,
중국동방항공동일가 다른 일정2,14:30ICN,21:00KIX,"경유 1, 06시간 30분",일본항공대한항공 공동운항,09:20KIX,11:15ICN,"직항, 01시간 55분",성인/모든 결제수단,"왕복 834,200원~",,
여러항공사중국동방항공 등 공동운항,14:30ICN,21:00KIX,"경유 1, 06시간 30분",09:55KIX,17:25ICN,"경유 1, 07시간 30분",성인/모든 결제수단,"왕복 869,300원~",,,
여러항공사중국동방항공 공동운항,14:30ICN,21:00KIX,"경유 1, 06시간 30분",09:55KIX,20:45ICN,"경유 1, 10시간 50분",성인/모든 결제수단,"왕복 882,600원~",,,
상해항공중국동방항공 공동운항,14:30ICN,21:00KIX,"경유 1, 06시간 30분",09:55KIX,20:45ICN,"경유 1, 10시간 50분",성인/모든 결제수단,"왕복 888,500원~",,,
상해항공중국동방항공 공동운항,14:30ICN,21:00KIX,"경유 1, 06시간 30분",09:55KIX,17:25ICN,"경유 1, 07시간 30분",성인/모든 결제수단,"왕복 889,295원~",,,
중국동방항공동일가 다른 일정2,12:55ICN,21:00KIX,"경유 1, 08시간 05분",ANA아시아나항공 공동운항,09:00KIX,11:00ICN,"직항, 02시간 00분",성인/모든 결제수단,"왕복 893,400원~",,
중국동방항공동일가 다른 일정2,12:55ICN,21:00KIX,"경유 1, 08시간 05분",일본항공대한항공 공동운항,09:20KIX,11:15ICN,"직항, 01시간 55분",성인/모든 결제수단,"왕복 894,200원~",,
중국동방항공,14:40ICN,14:45KIX,+1일,"경유 1, 24시간 05분",14:20KIX,20:45ICN,"경유 1, 06시간 25분",성인/모든 결제수단,"왕복 896,500원~",,
여러항공사,14:40ICN,14:45KIX,+1일,"경유 1, 24시간 05분",19:20KIX,11:25ICN,+1일,"경유 1, 16시간 05분",성인/모든 결제수단,"왕복 898,500원~",
중국국제항공동일가 다른 일정1,18:10ICN,12:40KIX,+1일,"경유 1, 18시간 30분",12:15KIX,12:30ICN,+1일,"경유 1, 24시간 15분",성인/모든 결제수단,"왕복 905,100원~",
상해항공중국동방항공 공동운항,12:55ICN,21:00KIX,"경유 1, 08시간 05분",09:55KIX,20:45ICN,"경유 1, 10시간 50분",성인/모든 결제수단,"왕복 913,500원~",,,
상해항공중국동방항공 공동운항,12:55ICN,21:00KIX,"경유 1, 08시간 05분",09:55KIX,17:25ICN,"경유 1, 07시간 30분",성인/모든 결제수단,"왕복 925,900원~",,,
일본항공대한항공 등 공동운항동일가 다른 일정11,12:55ICN,20:00KIX,"경유 1, 07시간 05분",09:20KIX,11:15ICN,"직항, 01시간 55분",성인/모든 결제수단,"왕복 931,700원~",,,
상해항공중국동방항공 공동운항동일가 다른 일정1,14:30ICN,21:00KIX,"경유 1, 06시간 30분",14:20KIX,20:45ICN,"경유 1, 06시간 25분",성인/모든 결제수단,"왕복 936,000원~",,,
상해항공중국동방항공 공동운항동일가 다른 일정1,12:55ICN,21:00KIX,"경유 1, 08시간 05분",14:20KIX,20:45ICN,"경유 1, 06시간 25분",성인/모든 결제수단,"왕복 961,000원~",,,
상해항공중국동방항공 공동운항,14:30ICN,21:00KIX,"경유 1, 06시간 30분",16:30KIX,20:45ICN,+1일,"경유 1, 28시간 15분",성인/모든 결제수단,"왕복 963,400원~",,
상해항공중국동방항공 등 공동운항,14:30ICN,21:00KIX,"경유 1, 06시간 30분",10:10KIX,17:25ICN,"경유 1, 07시간 15분",성인/모든 결제수단,"왕복 966,600원~",,,
상해항공중국동방항공 공동운항동일가 다른 일정1,14:30ICN,21:00KIX,"경유 1, 06시간 30분",16:30KIX,11:55ICN,+1일,"경유 1, 19시간 25분",성인/모든 결제수단,"왕복 988,400원~",,
ANA아시아나항공 공동운항동일가 다른 일정8,08:05ICN,09:40KIX,"직항, 01시간 35분",일본항공제트스타재팬 등 공동운항,10:10KIX,16:50ICN,"경유 1, 06시간 40분",성인/모든 결제수단,"왕복 988,600원~",,
일본항공대한항공 등 공동운항동일가 다른 일정5,09:55ICN,17:45KIX,"경유 1, 07시간 50분",ANA아시아나항공 공동운항,09:00KIX,11:00ICN,"직항, 02시간 00분",성인/모든 결제수단,"왕복 989,500원~",,
여러항공사동일가 다른 일정5,20:00ICN,15:30KIX,+1일,"경유 1, 19시간 30분",09:00KIX,11:00ICN,"직항, 02시간 00분",성인/모든 결제수단,"왕복 996,100원~",,
여러항공사동일가 다른 일정5,14:10ICN,20:15KIX,"경유 1, 06시간 05분",09:00KIX,11:00ICN,"직항, 02시간 00분",성인/모든 결제수단,"왕복 998,500원~",,,
대한항공동일가 다른 일정8,09:00ICN,10:45KIX,"직항, 01시간 45분",일본항공제트스타재팬 등 공동운항,10:10KIX,16:50ICN,"경유 1, 06시간 40분",성인/모든 결제수단,"왕복 1,010,900원~",,
일본항공대한항공 등 공동운항동일가 다른 일정5,09:55ICN,17:45KIX,"경유 1, 07시간 50분",대한항공,09:20KIX,11:15ICN,"직항, 01시간 55분",성인/모든 결제수단,"왕복 1,011,800원~",,
상해항공중국동방항공 공동운항,14:30ICN,13:20KIX,+1일,"경유 1, 22시간 50분",09:55KIX,20:45ICN,"경유 1, 10시간 50분",성인/모든 결제수단,"왕복 1,015,300원~",,
상해항공중국동방항공 공동운항,14:30ICN,13:20KIX,+1일,"경유 1, 22시간 50분",09:55KIX,17:25ICN,"경유 1, 07시간 30분",성인/모든 결제수단,"왕복 1,022,500원~",,
중국하문항공,13:45ICN,17:55KIX,+1일,"경유 1, 28시간 10분",18:55KIX,12:35ICN,+1일,"경유 1, 17시간 40분",성인/모든 결제수단,"왕복 1,043,300원~",
중국동방항공,14:30ICN,21:00KIX,"경유 1, 06시간 30분",14:20KIX,20:45ICN,"경유 1, 06시간 25분",성인/모든 결제수단,"왕복 1,045,308원~",,,
중국국제항공아시아나항공 등 공동운항,09:00ICN,16:20KIX,"경유 1, 07시간 20분",13:50KIX,11:50ICN,+1일,"경유 1, 22시간 00분",성인/모든 결제수단,"왕복 1,081,100원~",,
중국동방항공,12:55ICN,21:00KIX,"경유 1, 08시간 05분",상해항공중국동방항공 공동운항,09:55KIX,20:45ICN,"경유 1, 10시간 50분",성인/모든 결제수단,"왕복 1,108,400원~",,
상해항공중국동방항공 공동운항,14:30ICN,21:00KIX,"경유 1, 06시간 30분",중국동방항공준야오항공 공동운항,12:10KIX,20:45ICN,"경유 1, 08시간 35분",성인/모든 결제수단,"왕복 1,137,400원~",,
여러항공사동일가 다른 일정5,15:00ICN,12:40KIX,+1일,"경유 1, 21시간 40분",09:00KIX,11:00ICN,"직항, 02시간 00분",성인/모든 결제수단,"왕복 1,143,300원~",,
중국동방항공동일가 다른 일정1,12:55ICN,21:00KIX,"경유 1, 08시간 05분",상해항공중국동방항공 공동운항,14:20KIX,20:45ICN,"경유 1, 06시간 25분",성인/모든 결제수단,"왕복 1,155,900원~",,
상해항공중국동방항공 공동운항,12:55ICN,21:00KIX,"경유 1, 08시간 05분",중국동방항공준야오항공 공동운항,12:10KIX,20:45ICN,"경유 1, 08시간 35분",성인/모든 결제수단,"왕복 1,162,400원~",,
중국국제항공아시아나항공 등 공동운항,09:00ICN,16:20KIX,"경유 1, 07시간 20분",12:55KIX,21:10ICN,"경유 1, 08시간 15분",성인/모든 결제수단,"왕복 1,174,000원~",,,
여러항공사동일가 다른 일정5,08:05ICN,09:40KIX,"직항, 01시간 35분",17:20KIX,11:20ICN,+1일,"경유 1, 18시간 00분",성인/모든 결제수단,"왕복 1,178,900원~",,
비엣젯항공,06:25ICN,14:30KIX,+1일,"경유 1, 32시간 05분",15:30KIX,05:25ICN,+1일,"경유 1, 13시간 55분",성인/모든 결제수단,"왕복 1,208,100원~",
여러항공사,14:10ICN,20:15KIX,"경유 1, 06시간 05분",12:10KIX,19:20ICN,"경유 1, 07시간 10분",성인/모든 결제수단,"왕복 1,250,451원~",,,
여러항공사동일가 다른 일정3,20:00ICN,15:30KIX,+1일,"경유 1, 19시간 30분",17:20KIX,11:20ICN,+1일,"경유 1, 18시간 00분",성인/모든 결제수단,"왕복 1,291,000원~",
여러항공사동일가 다른 일정3,15:00ICN,12:40KIX,+1일,"경유 1, 21시간 40분",13:50KIX,13:45ICN,+1일,"경유 1, 23시간 55분",성인/모든 결제수단,"왕복 1,351,300원~",
ANA아시아나항공 공동운항동일가 다른 일정2,08:05ICN,09:40KIX,"직항, 01시간 35분",중국동방항공일본항공 등 공동운항,10:10KIX,17:25ICN,"경유 1, 07시간 15분",성인/모든 결제수단,"왕복 1,355,900원~",,
중국동방항공준야오항공 공동운항,12:55ICN,21:00KIX,"경유 1, 08시간 05분",12:10KIX,20:45ICN,"경유 1, 08시간 35분",성인/모든 결제수단,"왕복 1,394,800원~",,,
여러항공사동일가 다른 일정5,08:05ICN,09:40KIX,"직항, 01시간 35분",13:50KIX,13:45ICN,+1일,"경유 1, 23시간 55분",성인/모든 결제수단,"왕복 1,462,800원~",,
홍콩항공,14:35ICN,07:15KIX,+1일,"경유 1, 16시간 40분",08:25KIX,13:35ICN,+1일,"경유 1, 29시간 10분",성인/모든 결제수단,"왕복 1,473,300원~",
홍콩항공,14:35ICN,22:00KIX,+1일,"경유 1, 31시간 25분",08:25KIX,13:35ICN,+1일,"경유 1, 29시간 10분",성인/모든 결제수단,"왕복 1,493,400원~",
ANA아시아나항공 공동운항동일가 다른 일정2,08:05ICN,09:40KIX,"직항, 01시간 35분",중국동방항공준야오항공 공동운항,12:10KIX,20:45ICN,"경유 1, 08시간 35분",성인/모든 결제수단,"왕복 1,511,100원~",,
홍콩항공,14:35ICN,07:15KIX,+1일,"경유 1, 16시간 40분",23:00KIX,13:35ICN,+1일,"경유 1, 14시간 35분",성인/모든 결제수단,"왕복 1,539,600원~",
일본항공대한항공 등 공동운항,12:55ICN,20:00KIX,"경유 1, 07시간 05분",21:10KIX,04:50ICN,+1일,"경유 1, 07시간 40분",성인/모든 결제수단,"왕복 1,555,500원~",,
일본항공대한항공 등 공동운항,12:55ICN,20:00KIX,"경유 1, 07시간 05분",10:10KIX,16:50ICN,"경유 1, 06시간 40분",성인/모든 결제수단,"왕복 1,556,200원~",,,
홍콩항공,14:35ICN,22:00KIX,+1일,"경유 1, 31시간 25분",23:00KIX,13:35ICN,+1일,"경유 1, 14시간 35분",성인/모든 결제수단,"왕복 1,559,700원~",
홍콩항공,14:35ICN,16:05KIX,+1일,"경유 1, 25시간 30분",08:25KIX,13:35ICN,+1일,"경유 1, 29시간 10분",성인/모든 결제수단,"왕복 1,639,400원~",
홍콩항공,14:35ICN,16:05KIX,+1일,"경유 1, 25시간 30분",23:00KIX,13:35ICN,+1일,"경유 1, 14시간 35분",성인/모든 결제수단,"왕복 1,705,700원~",
ANA아시아나항공 등 공동운항,09:40ICN,20:25KIX,"경유 1, 10시간 45분",08:00KIX,15:25ICN,"경유 1, 07시간 25분",성인/모든 결제수단,"왕복 1,712,500원~",,,
대한항공동일가 다른 일정5,09:00ICN,10:45KIX,"직항, 01시간 45분",홍콩항공,23:00KIX,13:35ICN,+1일,"경유 1, 14시간 35분",성인/모든 결제수단,"왕복 1,732,600원~",
대한항공동일가 다른 일정11,09:00ICN,10:45KIX,"직항, 01시간 45분",홍콩항공,17:05KIX,13:35ICN,+1일,"경유 1, 20시간 30분",성인/모든 결제수단,"왕복 1,752,700원~",
중국동방항공준야오항공 공동운항,12:55ICN,20:15KIX,"경유 1, 07시간 20분",상해항공중국동방항공 공동운항,09:55KIX,17:25ICN,"경유 1, 07시간 30분",성인/모든 결제수단,"왕복 1,846,200원~",,
중국동방항공준야오항공 공동운항,12:55ICN,20:15KIX,"경유 1, 07시간 20분",상해항공중국동방항공 공동운항,09:55KIX,20:45ICN,"경유 1, 10시간 50분",성인/모든 결제수단,"왕복 1,871,200원~",,
중국동방항공준야오항공 등 공동운항,12:55ICN,20:15KIX,"경유 1, 07시간 20분",10:10KIX,17:25ICN,"경유 1, 07시간 15분",성인/모든 결제수단,"왕복 1,877,700원~",,,
중국동방항공준야오항공 공동운항동일가 다른 일정1,12:55ICN,20:15KIX,"경유 1, 07시간 20분",14:20KIX,20:45ICN,"경유 1, 06시간 25분",성인/모든 결제수단,"왕복 1,884,600원~",,,
홍콩항공,14:35ICN,07:15KIX,+1일,"경유 1, 16시간 40분",17:05KIX,13:35ICN,+1일,"경유 1, 20시간 30분",성인/모든 결제수단,"왕복 1,936,300원~",
ANA아시아나항공 공동운항동일가 다른 일정2,08:05ICN,09:40KIX,"직항, 01시간 35분",여러항공사중국동방항공 등 공동운항,09:55KIX,17:25ICN,"경유 1, 07시간 30분",성인/모든 결제수단,"왕복 1,944,200원~",,
여러항공사준야오항공 등 공동운항,12:55ICN,20:15KIX,"경유 1, 07시간 20분",14:20KIX,20:45ICN,"경유 1, 06시간 25분",성인/모든 결제수단,"왕복 1,946,200원~",,,
홍콩항공,14:35ICN,22:00KIX,+1일,"경유 1, 31시간 25분",17:05KIX,13:35ICN,+1일,"경유 1, 20시간 30분",성인/모든 결제수단,"왕복 1,956,400원~",
ANA아시아나항공 공동운항동일가 다른 일정2,08:05ICN,09:40KIX,"직항, 01시간 35분",여러항공사중국동방항공 공동운항,14:20KIX,20:45ICN,"경유 1, 06시간 25분",성인/모든 결제수단,"왕복 1,969,200원~",,
홍콩항공,14:35ICN,16:05KIX,+1일,"경유 1, 25시간 30분",17:05KIX,13:35ICN,+1일,"경유 1, 20시간 30분",성인/모든 결제수단,"왕복 2,102,400원~",
중국동방항공준야오항공 공동운항,12:55ICN,20:15KIX,"경유 1, 07시간 20분",12:10KIX,20:45ICN,"경유 1, 08시간 35분",성인/모든 결제수단,"왕복 2,120,100원~",,,
중국동방항공준야오항공 공동운항동일가 다른 일정2,12:55ICN,20:15KIX,"경유 1, 07시간 20분",ANA아시아나항공 공동운항,09:00KIX,11:00ICN,"직항, 02시간 00분",성인/모든 결제수단,"왕복 2,205,600원~",,
에바항공아시아나항공 공동운항,09:45ICN,16:25KIX,"경유 1, 06시간 40분",10:55KIX,18:45ICN,"경유 1, 07시간 50분",성인/모든 결제수단,"왕복 2,710,200원~",,,
에바항공아시아나항공 공동운항동일가 다른 일정1,09:45ICN,16:25KIX,"경유 1, 06시간 40분",12:55KIX,20:25ICN,"경유 1, 07시간 30분",성인/모든 결제수단,"왕복 2,890,200원~",,,
여러항공사동일가 다른 일정3,15:00ICN,12:40KIX,+1일,"경유 1, 21시간 40분",여러항공사,17:20KIX,11:20ICN,+1일,"경유 1, 18시간 00분",성인/모든 결제수단,"왕복 2,903,700원~"
여러항공사동일가 다른 일정3,20:00ICN,15:30KIX,+1일,"경유 1, 19시간 30분",여러항공사,13:50KIX,13:45ICN,+1일,"경유 1, 23시간 55분",성인/모든 결제수단,"왕복 2,973,000원~"
캐세이퍼시픽항공,10:10ICN,21:05KIX,"경유 1, 10시간 55분",10:00KIX,21:15ICN,"경유 1, 11시간 15분",성인/모든 결제수단,"왕복 3,385,500원~",,,
캐세이퍼시픽항공동일가 다른 일정2,19:35ICN,06:20KIX,+1일,"경유 1, 10시간 45분",09:30KIX,18:35ICN,"경유 1, 09시간 05분",성인/모든 결제수단,"왕복 3,395,500원~",,
캐세이퍼시픽항공동일가 다른 일정2,19:35ICN,12:45KIX,+1일,"경유 1, 17시간 10분",10:00KIX,21:15ICN,"경유 1, 11시간 15분",성인/모든 결제수단,"왕복 3,405,600원~",,
